{
  "ece": 0.4951998266543179,
  "mcc": 0.7053278933842967
}